{
    "type": "minecraft:jigsaw",
    "biomes": "#minecraft:is_deep_ocean",
    "step": "surface_structures",
    "spawn_overrides": {
        "monster": {
          "bounding_box": "full",
          "spawns": [
            {
              "type": "minecraft:zombie",
              "weight": 100,
              "minCount": 10,
              "maxCount": 52
            },
            {
              "type": "minecraft:skeleton",
              "weight": 200,
              "minCount": 20,
              "maxCount": 35
            }
          ]
        }
      },
    "terrain_adaptation": "none",
    "start_pool": "wfyr:ship/captain_ship",
    "size": 1,
    "start_height": {
      "absolute": 51
    },
    "project_start_to_heightmap": "OCEAN_FLOOR",
    "max_distance_from_center": 80,
    "use_expansion_hack": false
  }
  