{
    "type": "minecraft:chest",
    "pools": [
      {
        "rolls": {
          "type": "minecraft:binomial",
          "n": 1,
          "p": 0.2
        },
        "bonus_rolls": 0,
        "entries": [
          {
            "type": "minecraft:item",
            "name": "minecraft:paper",
            "functions": [
              {
                "function": "minecraft:set_components",
                "components": {
                  "minecraft:item_name": "PlateQuest",
                  "minecraft:custom_model_data": 1,
                  "minecraft:food": {
                    "nutrition": 0,
                    "saturation": 0,
                    "can_always_eat": true,
                    "eat_seconds": 10000000000
                  },
                  "minecraft:custom_name": "[{'text':'Quête Facile','italic':false, 'color': 'green'}]",
                  "minecraft:max_stack_size": 1
                }
              }
            ]
          }
        ]
      },
      {
        "rolls": {
          "type": "minecraft:binomial",
          "n": 5,
          "p": 0.8
        },
        "entries": [
          {
            "type": "minecraft:item",
            "name": "minecraft:emerald"
          }
        ]
      },
      {
        "rolls": {
          "type": "minecraft:binomial",
          "n": 1,
          "p": 0.5
        },
        "entries": [
          {
            "type": "minecraft:item",
            "name": "minecraft:golden_apple"
          }
        ]
      },
      {
        "rolls": {
          "type": "minecraft:binomial",
          "n": 2,
          "p": 0.01
        },
        "entries": [
          {
            "type": "minecraft:item",
            "name": "minecraft:diamond"
          }
        ]
      },
      {
        "rolls": {
          "type": "minecraft:binomial",
          "n": 3,
          "p": 0.4
        },
        "bonus_rolls": {
          "type": "minecraft:binomial",
          "n": 2,
          "p": 0.8
        },
        "entries": [
          {
            "type": "minecraft:item",
            "name": "minecraft:iron_ingot"
          }
        ]
      },
      {
        "rolls": {
          "type": "minecraft:binomial",
          "n": 10,
          "p": 0.2
        },
        "entries": [
          {
            "type": "minecraft:item",
            "name": "minecraft:redstone_block"
          }
        ]
      },
      {
        "rolls": {
          "type": "minecraft:binomial",
          "n": 1,
          "p": 0.8
        },
        "entries": [
          {
            "type": "minecraft:item",
            "name": "minecraft:lapis_lazuli"
          }
        ]
      }
    ]
  }
  