{
    "type": "minecraft:chest",
    "pools": [
    {
            "rolls": {
              "type": "minecraft:binomial",
              "n": 1,
              "p": 0.04
            },
            "entries": [
              {
                "type": "minecraft:item",
                "name": "minecraft:leather_boots"
              }
            ],
            "functions": [
              {
                "function": "minecraft:set_components",
                "components": {
                  "minecraft:trim": {
                    "material": "minecraft:emerald",
                    "pattern": "minecraft:silence",
                    "show_in_tooltip": false
                  },
                  "minecraft:dyed_color": {
                    "rgb": 8445983,
                    "show_in_tooltip": false
                  },
                  "minecraft:item_name": "emerald_boots",
                  "minecraft:custom_name": "[\"\",{\"text\":\"Bottes en émeraude\",\"italic\":false,\"color\":\"green\"}]",
                  "minecraft:attribute_modifiers": {
                    "modifiers": [
                      {
                        "type": "minecraft:generic.armor_toughness",
                        "id": "minecraft:generic.armor_toughness3",
                        "amount": 3,
                        "operation": "add_value",
                        "slot": "armor"
                      },
                      {
                        "type": "minecraft:generic.movement_speed",
                        "id": "minecraft:generic.movement_speed3",
                        "amount": 1.5,
                        "operation": "add_multiplied_total",
                        "slot": "armor"
                      },
                      {
                        "type": "minecraft:generic.armor",
                        "id": "minecraft:generic.armor3",
                        "amount": 5,
                        "operation": "add_value",
                        "slot": "armor"
                      }
                    ],
                    "show_in_tooltip": false
                  },
                  "minecraft:enchantments": {
                    "minecraft:unbreaking": 10
                  },
                  "minecraft:max_damage": 1436
                }
              }
            ]
    },
    {
            "rolls": {
              "type": "minecraft:binomial",
              "n": 1,
              "p": 0.04
            },
            "entries": [
              {
                "type": "minecraft:item",
                "name": "minecraft:leather_leggings"
              }
            ],
            "functions": [
              {
                "function": "minecraft:set_components",
                "components": {
                  "minecraft:trim": {
                    "material": "minecraft:emerald",
                    "pattern": "minecraft:silence",
                    "show_in_tooltip": false
                  },
                  "minecraft:dyed_color": {
                    "rgb": 8445983,
                    "show_in_tooltip": false
                  },
                  "minecraft:item_name": "emerald_leggings",
                  "minecraft:custom_name": "[\"\",{\"text\":\"Jambières en émeraude\",\"italic\":false,\"color\":\"green\"}]",
                  "minecraft:attribute_modifiers": {
                    "modifiers": [
                      {
                        "type": "minecraft:generic.armor_toughness",
                        "id": "minecraft:generic.armor_toughness2",
                        "amount": 3,
                        "operation": "add_value",
                        "slot": "armor"
                      },
                      {
                        "type": "minecraft:generic.step_height",
                        "id": "minecraft:generic.step_height2",
                        "amount": 1.5,
                        "operation": "add_multiplied_total",
                        "slot": "armor"
                      },
                      {
                        "type": "minecraft:generic.armor",
                        "id": "minecraft:generic.armor2",
                        "amount": 5,
                        "operation": "add_value",
                        "slot": "armor"
                      }
                    ],
                    "show_in_tooltip": false
                  },
                  "minecraft:enchantments": {
                    "minecraft:unbreaking": 10
                  },
                  "minecraft:max_damage": 1659
                }
              }
            ]
    },
    {
            "rolls": {
              "type": "minecraft:binomial",
              "n": 1,
              "p": 0.04
            },
            "entries": [
              {
                "type": "minecraft:item",
                "name": "minecraft:leather_chestplate"
              }
            ],
            "functions": [
              {
                "function": "minecraft:set_components",
                "components": {
                  "minecraft:trim": {
                    "material": "minecraft:emerald",
                    "pattern": "minecraft:silence",
                    "show_in_tooltip": false
                  },
                  "minecraft:dyed_color": {
                    "rgb": 8445983,
                    "show_in_tooltip": false
                  },
                  "minecraft:item_name": "emerald_chestplate",
                  "minecraft:custom_name": "[\"\",{\"text\":\"Plastron en émeraude\",\"italic\":false,\"color\":\"green\"}]",
                  "minecraft:attribute_modifiers": {
                    "modifiers": [
                      {
                        "type": "minecraft:generic.armor_toughness",
                        "id": "minecraft:generic.armor_toughness1",
                        "amount": 3,
                        "operation": "add_value",
                        "slot": "armor"
                      },
                      {
                        "type": "minecraft:generic.max_health",
                        "id": "minecraft:generic.max_health1",
                        "amount": 10,
                        "operation": "add_value",
                        "slot": "armor"
                      },
                      {
                        "type": "minecraft:generic.luck",
                        "id": "minecraft:generic.luck1",
                        "amount": 1,
                        "operation": "add_value",
                        "slot": "armor"
                      },
                      {
                        "type": "minecraft:generic.armor",
                        "id": "minecraft:generic.armor1",
                        "amount": 5,
                        "operation": "add_value",
                        "slot": "armor"
                      }
                    ],
                    "show_in_tooltip": false
                  },
                  "minecraft:enchantments": {
                    "minecraft:unbreaking": 10
                  },
                  "minecraft:max_damage": 1659
                }
              }
            ]
    },
    {
        "rolls": {
          "type": "minecraft:binomial",
          "n": 1,
          "p": 0.04
        },
        "entries": [
          {
            "type": "minecraft:item",
            "name": "minecraft:leather_helmet"
          }
        ],
        "functions": [
          {
            "function": "minecraft:set_components",
            "components": {
              "minecraft:trim": {
                "material": "minecraft:emerald",
                "pattern": "minecraft:silence",
                "show_in_tooltip": false
              },
              "minecraft:dyed_color": {
                "rgb": 8445983,
                "show_in_tooltip": false
              },
              "minecraft:item_name": "emerald_helmet",
              "minecraft:custom_name": "[\"\",{\"text\":\"Casque en émeraude\",\"italic\":false,\"color\":\"green\"}]",
              "minecraft:attribute_modifiers": {
                "modifiers": [
                  {
                    "type": "minecraft:generic.armor_toughness",
                    "id": "minecraft:generic.armor_toughness0",
                    "amount": 3,
                    "operation": "add_value",
                    "slot": "armor"
                  },
                  {
                    "type": "minecraft:generic.oxygen_bonus",
                    "id": "minecraft:generic.oxygen_bonus0",
                    "amount": 5,
                    "operation": "add_value",
                    "slot": "armor"
                  },
                  {
                    "type": "minecraft:generic.armor",
                    "id": "minecraft:generic.armor0",
                    "amount": 5,
                    "operation": "add_value",
                    "slot": "armor"
                  }
                ],
                "show_in_tooltip": false
              },
              "minecraft:enchantments": {
                "minecraft:unbreaking": 10
              },
              "minecraft:max_damage": 2024
            }
          }
        ]
      },
    {
        "rolls": {
          "type": "minecraft:binomial",
          "n": 5,
          "p": 0.8
        },
        "entries": [
          {
            "type": "minecraft:item",
            "name": "minecraft:diamond"
          }
        ]
      },
      {
        "rolls": {
          "type": "minecraft:binomial",
          "n": 4,
          "p": 0.5
        },
        "entries": [
          {
            "type": "minecraft:item",
            "name": "minecraft:gold_block"
          }
        ]
      },
      {
        "rolls": {
          "type": "minecraft:binomial",
          "n": 2,
          "p": 0.3
        },
        "entries": [
          {
            "type": "minecraft:item",
            "name": "minecraft:diamond_block"
          }
        ]
      },
      {
        "rolls": {
          "type": "minecraft:binomial",
          "n": 3,
          "p": 0.4
        },
        "bonus_rolls": {
          "type": "minecraft:binomial",
          "n": 2,
          "p": 0.8
        },
        "entries": [
          {
            "type": "minecraft:item",
            "name": "minecraft:iron_block"
          }
        ]
      },
      {
        "rolls": {
          "type": "minecraft:binomial",
          "n": 1,
          "p": 0.2
        },
        "entries": [
          {
            "type": "minecraft:item",
            "name": "minecraft:ancient_debris"
          }
        ]
      }
    ]
  }
  