{
    "type": "minecraft:chest",
    "pools": [
      {
        "rolls": {
          "type": "minecraft:binomial",
          "n": 9,
          "p": 0.8
        },
        "entries": [
          {
            "type": "minecraft:item",
            "name": "minecraft:arrow"
          }
        ]
      },
      {
        "rolls": {
          "type": "minecraft:binomial",
          "n": 1,
          "p": 0.5
        },
        "entries": [
          {
            "type": "minecraft:item",
            "name": "minecraft:fire_charge"
          }
        ]
      },
      {
        "rolls": {
          "type": "minecraft:binomial",
          "n": 2,
          "p": 0.01
        },
        "entries": [
          {
            "type": "minecraft:item",
            "name": "minecraft:spectral_arrow"
          }
        ]
      },
      {
        "rolls": {
          "type": "minecraft:binomial",
          "n": 3,
          "p": 0.4
        },
        "bonus_rolls": {
          "type": "minecraft:binomial",
          "n": 2,
          "p": 0.8
        },
        "entries": [
          {
            "type": "minecraft:item",
            "name": "minecraft:firework_rocket"
          }
        ]
      },
      {
        "rolls": {
          "type": "minecraft:binomial",
          "n": 10,
          "p": 0.2
        },
        "entries": [
          {
            "type": "minecraft:item",
            "name": "minecraft:egg"
          }
        ]
      },
      {
        "rolls": {
          "type": "minecraft:binomial",
          "n": 1,
          "p": 0.8
        },
        "entries": [
          {
            "type": "minecraft:item",
            "name": "minecraft:snowball"
          }
        ]
      }
    ]
  }
  