{
    "type": "minecraft:chest",
    "pools": [
      {
        "rolls": {
          "type": "minecraft:binomial",
          "n": 5,
          "p": 0.8
        },
        "entries": [
          {
            "type": "minecraft:item",
            "name": "minecraft:cooked_cod"
          }
        ]
      },
      {
        "rolls": {
          "type": "minecraft:binomial",
          "n": 1,
          "p": 0.5
        },
        "entries": [
          {
            "type": "minecraft:item",
            "name": "minecraft:golden_apple"
          }
        ]
      },
      {
        "rolls": {
          "type": "minecraft:binomial",
          "n": 2,
          "p": 0.01
        },
        "entries": [
          {
            "type": "minecraft:item",
            "name": "minecraft:enchanted_golden_apple"
          }
        ]
      },
      {
        "rolls": {
          "type": "minecraft:binomial",
          "n": 3,
          "p": 0.4
        },
        "bonus_rolls": {
          "type": "minecraft:binomial",
          "n": 2,
          "p": 0.8
        },
        "entries": [
          {
            "type": "minecraft:item",
            "name": "minecraft:melon_slice"
          }
        ]
      },
      {
        "rolls": {
          "type": "minecraft:binomial",
          "n": 10,
          "p": 0.2
        },
        "entries": [
          {
            "type": "minecraft:item",
            "name": "minecraft:cooked_salmon"
          }
        ]
      },
      {
        "rolls": {
          "type": "minecraft:binomial",
          "n": 1,
          "p": 0.8
        },
        "entries": [
          {
            "type": "minecraft:item",
            "name": "minecraft:beetroot_soup"
          }
        ]
      }
    ]
  }
  