{
    "type": "minecraft:crafting_shaped",
    "group": "",
    "pattern": [
      "OOO",
      "O#O",
      "OOO"
    ],
    "key": {
      "O": {
        "item": "minecraft:nether_star"
      },
      "#": {
        "item": "minecraft:dragon_head"
      }
    },
    "result": {
      "id": "minecraft:stick",
      "count": 1,
      "components": {
        "minecraft:max_stack_size": 1,
        "minecraft:custom_model_data": 32,
        "minecraft:item_name": "ImmunityAmulet",
        "minecraft:custom_name": "[\"\",{\"text\":\"Amulette d'immunité\",\"italic\":false, \"color\":\"dark_purple\"}]",
        "minecraft:rarity": "epic"
      }
    }
  }
  