{
    "type": "minecraft:crafting_shaped",
    "category": "redstone",
    "pattern": [
      " I ",
      "AOA",
      "XXX"
    ],
    "key": {
      "I": {
        "item": "minecraft:nether_star"
      },
      "A": {
        "item": "minecraft:gold_ingot"
      },
      "O": {
        "item": "minecraft:end_stone"
      },
      "X": {
        "item": "minecraft:stone"
      }
    },
    "result": {
      "id": "minecraft:armor_stand",
      "count": 1,
      "components": {
        "minecraft:max_stack_size": 8,
        "minecraft:custom_model_data": 4,
        "minecraft:item_name": "ChunkLoader",
        "minecraft:custom_name": "[\"\",{\"text\":\"Chunk Loader\"}]",
        "minecraft:rarity": "epic",
        "minecraft:entity_data": {
          "id":"minecraft:armor_stand",
          "CustomNameVisible":0,
          "NoGravity":1,
          "Silent":1,
          "Invulnerable":1,
          "Small":1,
          "Marker":1,
          "Invisible":1,
          "NoBasePlate":1,
          "Tags":["chunk_loader_spawner"],
          "DisabledSlots":4144959}
      }
    }
  }
  