{
    "type": "minecraft:crafting_shaped",
    "category": "redstone",
    "pattern": [
      " I ",
      "AOA",
      "XXX"
    ],
    "key": {
      "I": {
        "item": "minecraft:redstone_torch"
      },
      "O": {
        "item": "minecraft:nether_star"
      },
      "A": {
        "item": "minecraft:redstone_block"
      },
      "X": {
        "item": "minecraft:stone"
      }
    },
    "result": {
      "id": "minecraft:armor_stand",
      "count": 1,
      "components": {
        "minecraft:max_stack_size": 32,
        "minecraft:custom_model_data": 2,
        "minecraft:item_name": "RedstoneTransmitter",
        "minecraft:custom_name": "[\"\",{\"text\":\"Transmetteur de redstone\",\"italic\":false, \"color\":\"#96200E\"}]",
        "minecraft:rarity": "rare",
        "minecraft:entity_data": {
          "id":"minecraft:armor_stand",
          "CustomNameVisible":0,
          "NoGravity":1,
          "Silent":1,
          "Invulnerable":1,
          "Small":1,
          "Marker":1,
          "Invisible":1,
          "NoBasePlate":1,
          "Tags":["redstone_transmitter_spawner"],
          "DisabledSlots":4144959}
      }
    }
  }
  