{
    "type": "minecraft:crafting_shaped",
    "category": "redstone",
    "pattern": [
      "XIX",
      "IOI",
      "XIX"
    ],
    "key": {
      "I": {
        "item": "minecraft:redstone_torch"
      },
      "O": {
        "item": "minecraft:stone"
      },
      "X": {
        "item": "minecraft:lightning_rod"
      }
    },
    "result": {
      "id": "minecraft:armor_stand",
      "count": 1,
      "components": {
        "minecraft:max_stack_size": 32,
        "minecraft:custom_model_data": 3,
        "minecraft:item_name": "RedstoneReceiver",
        "minecraft:custom_name": "[\"\",{\"text\":\"Receveur de redstone\",\"italic\":false, \"color\":\"#96200E\"}]",
        "minecraft:lore": ["[\"\",{\"text\":\"Les cannaux utilisés par le transmetteur portable sont négatifs\"}]"],
        "minecraft:rarity": "rare",
        "minecraft:entity_data": {
          "id":"minecraft:armor_stand",
          "CustomNameVisible":0,
          "NoGravity":1,
          "Silent":1,
          "Invulnerable":1,
          "Small":1,
          "Marker":1,
          "Invisible":1,
          "NoBasePlate":1,
          "Tags":["redstone_receiver_spawner"],
          "DisabledSlots":4144959}
      }
    }
  }
  