{
    "criteria": {
      "requirement": {
        "trigger": "minecraft:player_hurt_entity",
        "conditions": {
          "player": [
            {
              "condition": "minecraft:random_chance",
              "chance": {
                "type": "minecraft:binomial",
                "n": 1,
                "p": 0.4
              }
            },
            {
              "condition": "minecraft:entity_properties",
              "entity": "this",
              "predicate": {
                "equipment": {
                  "mainhand": {
                    "items": "minecraft:netherite_sword",
                    "components": {
                      "minecraft:item_name": "DraconicSword"
                    }
                  }
                }
              }
            }
          ]
        }
      }
    },
    "rewards": {
      "function": "wfyr:items/draconic_sword/effect"
    }
  }
  