{
  "type": "minecraft:entity",
  "pools": [
    {
      "bonus_rolls": 0.0,
      "entries": [
        {
          "type": "minecraft:item",
          "name": "minecraft:sculk_catalyst"
        }
      ],
      "rolls": 1.0
    },
    {
      "bonus_rolls": 0.0,
      "entries": [
        {
          "type": "minecraft:item",
          "name": "minecraft:stick"
        }
      ],
      "functions": [
        {
          "function": "minecraft:set_components",
          "components": {
            "minecraft:item_name": "HealthAmulet",
            "minecraft:custom_model_data": 30,
            "minecraft:custom_name": "[{'text':'Amulette de Vie','italic':false, 'color': 'red'}]",
            "minecraft:max_stack_size": 1
          }
        }
      ],
      "rolls": 1.0
    }
  ],
  "random_sequence": "minecraft:entities/warden"
}