{
    "display": {
      "icon": {
        "id": "minecraft:barrier",
        "count": 1,
        "components": {
          "minecraft:custom_model_data": 3
        }
      },
      "title": "Work For Your Ressources",
      "description": "",
      "show_toast": false,
      "announce_to_chat": false,
      "hidden": false,
      "background": "wfyr:textures/gui/advancements/backgrounds/wfyr.png"
    },
    "criteria": {
        "requirement": {
            "trigger": "minecraft:tick"
        }
    },
    "rewards": {}
}