{
    "type": "minecraft:crafting_shaped",
    "group": "",
    "pattern": [
      "  O",
      " # ",
      "X  "
    ],
    "key": {
      "O": {
        "item": "minecraft:dragon_head"
      },
      "#": {
        "item": "minecraft:blaze_rod"
      },
      "X": {
        "item": "minecraft:breeze_rod"
      }
    },
    "result": {
      "id": "minecraft:debug_stick",
      "count": 1,
      "components": {
        "minecraft:max_stack_size": 1,
        "minecraft:item_name": "BuilderWand",
        "minecraft:custom_name": "[\"\",{\"text\":\"Baguette du constructeur\",\"italic\":false}]",
        "minecraft:rarity": "epic"
      }
    }
  }
  