{
    "type": "minecraft:crafting_shaped",
    "category": "equipement",
    "group": "",
    "pattern": [
      "  O",
      " # ",
      "X  "
    ],
    "key": {
      "O": {
        "item": "minecraft:ender_pearl"
      },
      "#": {
        "item": "minecraft:end_crystal"
      },
      "X": {
        "item": "minecraft:breeze_rod"
      }
    },
    "result": {
      "id": "minecraft:stick",
      "count": 1,
      "components": {
        "minecraft:food": {
          "nutrition": 0,
          "saturation": 0,
          "can_always_eat": true,
          "eat_seconds": 1000000
        },
        "minecraft:max_stack_size": 1,
        "minecraft:custom_model_data": 1,
        "minecraft:item_name": "HyperDash",
        "minecraft:custom_name": "[\"\",{\"text\":\"Baguette d'avance rapide\",\"italic\":false}]",
        "minecraft:rarity": "epic"
      }
    }
  }
  