{
    "type": "minecraft:crafting_shapeless",
    "ingredients": [
      {
        "item": "minecraft:feather"
      },
      {
        "item": "minecraft:coal"
      },
      {
        "item": "minecraft:blaze_powder"
      }
    ],
    "result": {
      "id": "minecraft:stick",
      "count": 1,
      "components": {
        "minecraft:item_name": "MovementComponent",
        "minecraft:custom_name": "[{'text':'Composante de Mouvement','italic':false}]",
        "minecraft:custom_model_data": 10,
        "minecraft:max_stack_size": 16
      }
    }
  }
  