{
    "type": "minecraft:crafting_shaped",
    "category": "redstone",
    "pattern": [
      "I  ",
      "XOX",
      "XXX"
    ],
    "key": {
      "I": {
        "item": "minecraft:redstone_torch"
      },
      "O": {
        "item": "minecraft:nether_star"
      },
      "X": {
        "item": "minecraft:stone"
      }
    },
    "result": {
      "id": "minecraft:stick",
      "count": 1,
      "components": {
        "minecraft:max_stack_size": 1,
        "minecraft:custom_model_data": 40,
        "minecraft:item_name": "PortableRedstoneTransmitter",
        "minecraft:custom_name": "[\"\",{\"text\":\"Transmetteur de redstone portable\",\"italic\":false, \"color\":\"#96200E\"}]",
        "minecraft:lore": ["[\"\",{\"text\":\"Pour éditer le cannal utilisé par le transmetteur:\"}]","[\"\",{\"text\":\"/trigger channel set [channel_number]\"}]"],
        "minecraft:rarity": "epic",
        "minecraft:custom_data": {"redstone_link":-1},
        "minecraft:food": {
          "nutrition": 0,
          "saturation": 0,
          "can_always_eat": true,
          "eat_seconds": 1000000
        }
    }
  }
}
