{
    "type": "minecraft:chest",
    "pools": [
      {
        "rolls": {
          "type": "minecraft:binomial",
          "n": 1,
          "p": 0.1
        },
        "bonus_rolls": 0,
        "entries": [
          {
            "type": "minecraft:item",
            "name": "minecraft:paper",
            "functions": [
              {
                "function": "minecraft:set_components",
                "components": {
                  "minecraft:item_name": "GoldQuest",
                  "minecraft:custom_model_data": 3,
                  "minecraft:food": {
                    "nutrition": 0,
                    "saturation": 0,
                    "can_always_eat": true,
                    "eat_seconds": 10000000000
                  },
                  "minecraft:custom_name": "[{'text':'Quête Difficile','italic':false, 'color': 'red'}]",
                  "minecraft:max_stack_size": 1
                }
              }
            ]
          }
        ],
        "conditions": [
          {
            "condition": "minecraft:entity_scores",
            "entity": "this",
            "scores": {
              "gold_quest": {
                "min": 0,
                "max": 0
              }
            }
          }
        ]
      },
      {
        "rolls": {
          "type": "minecraft:binomial",
          "n": 12,
          "p": 0.1
        },
        "entries": [
          {
            "type": "minecraft:item",
            "name": "minecraft:end_stone"
          }
        ]
      },
      {
        "rolls": {
          "type": "minecraft:binomial",
          "n": 1,
          "p": 0.01
        },
        "entries": [
          {
            "type": "minecraft:item",
            "name": "minecraft:diamond"
          }
        ]
      },
      {
        "rolls": {
          "type": "minecraft:binomial",
          "n": 1,
          "p": 0.5
        },
        "entries": [
          {
            "type": "minecraft:item",
            "name": "minecraft:wooden_sword"
          }
        ]
      },
      {
        "rolls": {
          "type": "minecraft:binomial",
          "n": 1,
          "p": 0.3
        },
        "entries": [
          {
            "type": "minecraft:item",
            "name": "minecraft:coal_block"
          }
        ]
      },
      {
        "rolls": {
          "type": "minecraft:binomial",
          "n": 3,
          "p": 0.4
        },
        "bonus_rolls": {
          "type": "minecraft:binomial",
          "n": 2,
          "p": 0.8
        },
        "entries": [
          {
            "type": "minecraft:item",
            "name": "minecraft:iron_ingot"
          }
        ]
      },
      {
        "rolls": {
          "type": "minecraft:binomial",
          "n": 1,
          "p": 0.1
        },
        "entries": [
          {
            "type": "minecraft:item",
            "name": "minecraft:map"
          }
        ]
      },
      {
        "rolls": {
          "type": "minecraft:binomial",
          "n": 1,
          "p": 1
        },
        "entries": [
          {
            "type": "minecraft:item",
            "name": "minecraft:stick"
          }
        ]
      }
    ]
  }
  