{
    "display": {
      "icon": {
        "id": "minecraft:enchanted_golden_apple"
      },
      "title": "La nourriture du créateur",
      "description": "",
      "frame": "challenge",
      "show_toast": true,
      "announce_to_chat": false,
      "hidden": true
    },
    "parent": "wfyr:quests/quests",
    "criteria": {
        "requirement": {
          "trigger": "minecraft:consume_item",
          "conditions": {
            "item": {
              "items": "minecraft:enchanted_golden_apple"
            }
          }
        }
      },
  "rewards": {
    "function": "wfyr:quests/enchanted_apple_quest/done",
    "experience": 5
  }
  }
  