{
    "display": {
      "icon": {
        "id": "minecraft:armor_stand",
        "components": {
          "minecraft:custom_model_data": 5
        }
      },
      "title": "Sébast de Perceval",
      "description": "Bien débridée ta Clio ! (Rempli ton inventaire de blocs d'or)",
      "frame": "challenge",
      "show_toast": true,
      "announce_to_chat": false,
      "hidden": true
    },
    "parent": "wfyr:quests/quests",
    "criteria": {
      "requirement": {
        "trigger": "minecraft:inventory_changed",
        "conditions": {
          "player": [
            {
              "condition": "minecraft:entity_properties",
              "entity": "this",
              "predicate": {
                "slots": {
                  "inventory.0": {
                    "items": "minecraft:gold_block",
                    "count": 64
                  },
                  "inventory.1": {
                    "items": "minecraft:gold_block",
                    "count": 64
                  },
                  "inventory.2": {
                    "items": "minecraft:gold_block",
                    "count": 64
                  },
                  "inventory.3": {
                    "items": "minecraft:gold_block",
                    "count": 64
                  },
                  "inventory.4": {
                    "items": "minecraft:gold_block",
                    "count": 64
                  },
                  "inventory.5": {
                    "items": "minecraft:gold_block",
                    "count": 64
                  },
                  "inventory.6": {
                    "items": "minecraft:gold_block",
                    "count": 64
                  },
                  "inventory.7": {
                    "items": "minecraft:gold_block",
                    "count": 64
                  },
                  "inventory.8": {
                    "items": "minecraft:gold_block",
                    "count": 64
                  },
                  "inventory.9": {
                    "items": "minecraft:gold_block",
                    "count": 64
                  },
                  "inventory.10": {
                    "items": "minecraft:gold_block",
                    "count": 64
                  },
                  "inventory.11": {
                    "items": "minecraft:gold_block",
                    "count": 64
                  },
                  "inventory.12": {
                    "items": "minecraft:gold_block",
                    "count": 64
                  },
                  "inventory.13": {
                    "items": "minecraft:gold_block",
                    "count": 64
                  },
                  "inventory.14": {
                    "items": "minecraft:gold_block",
                    "count": 64
                  },
                  "inventory.15": {
                    "items": "minecraft:gold_block",
                    "count": 64
                  },
                  "inventory.16": {
                    "items": "minecraft:gold_block",
                    "count": 64
                  },
                  "inventory.17": {
                    "items": "minecraft:gold_block",
                    "count": 64
                  },
                  "inventory.18": {
                    "items": "minecraft:gold_block",
                    "count": 64
                  },
                  "inventory.19": {
                    "items": "minecraft:gold_block",
                    "count": 64
                  },
                  "inventory.20": {
                    "items": "minecraft:gold_block",
                    "count": 64
                  },
                  "inventory.21": {
                    "items": "minecraft:gold_block",
                    "count": 64
                  },
                  "inventory.22": {
                    "items": "minecraft:gold_block",
                    "count": 64
                  },
                  "inventory.23": {
                    "items": "minecraft:gold_block",
                    "count": 64
                  },
                  "inventory.24": {
                    "items": "minecraft:gold_block",
                    "count": 64
                  },
                  "inventory.25": {
                    "items": "minecraft:gold_block",
                    "count": 64
                  },
                  "inventory.26": {
                    "items": "minecraft:gold_block",
                    "count": 64
                  },
                  "hotbar.0": {
                    "items": "minecraft:gold_block",
                    "count": 64
                  },
                  "hotbar.1": {
                    "items": "minecraft:gold_block",
                    "count": 64
                  },
                  "hotbar.2": {
                    "items": "minecraft:gold_block",
                    "count": 64
                  },
                  "hotbar.3": {
                    "items": "minecraft:gold_block",
                    "count": 64
                  },
                  "hotbar.4": {
                    "items": "minecraft:gold_block",
                    "count": 64
                  },
                  "hotbar.5": {
                    "items": "minecraft:gold_block",
                    "count": 64
                  },
                  "hotbar.6": {
                    "items": "minecraft:gold_block",
                    "count": 64
                  },
                  "hotbar.7": {
                    "items": "minecraft:gold_block",
                    "count": 64
                  },
                  "hotbar.8": {
                    "items": "minecraft:gold_block",
                    "count": 64
                  }
                }
              }
            }
          ],
          "slots": {
            "full": 36
          }
        }
      }
    },
  "rewards": {
    "function": "wfyr:quests/gold_quest/done",
    "experience": 20
  }
  }
  