{
    "display": {
      "icon": {
        "id": "minecraft:lightning_rod"
      },
      "title": "L'ingénieur de Zeus",
      "description": "Que la foudre s'abatte !",
      "frame": "challenge",
      "show_toast": true,
      "announce_to_chat": false,
      "hidden": true
    },
    "parent": "wfyr:quests/quests",
    "criteria": {
      "requirement": {
        "trigger": "minecraft:lightning_strike",
        "conditions": {
          "player": [
            {
              "condition": "minecraft:entity_scores",
              "entity": "this",
              "scores": {
                "lightning_quest": 1
              }
            }
          ]
        }
      }
    },
  "rewards": {
    "function": "wfyr:quests/lightning_quest/done",
    "experience": 5
  }
  }
  