{
    "display": {
      "icon": {
        "id": "minecraft:armor_stand",
        "components": {"custom_model_data": 1}
      },
      "title": "M. Propre",
      "description": "Une assiette dans un jeu de cube !?",
      "frame": "challenge",
      "show_toast": true,
      "announce_to_chat": false,
      "hidden": true
    },
    "parent": "wfyr:quests/quests",
    "criteria": {
      "requirement": {
        "trigger": "minecraft:inventory_changed",
        "conditions": {
          "player": [
            {
              "condition": "minecraft:entity_scores",
              "entity": "this",
              "scores": {
                "plate_quest": {
                  "min": 1,
                  "max": 1
                }
              }
            }
          ],
          "items": [
            {
              "items": "minecraft:armor_stand",
              "components": {"item_name": "Plate"},
              "count": 1
            }
          ]
        }
      }
    },
    "rewards": {
      "function": "wfyr:quests/plate_quest/done",
      "experience": 10
    }
  }
  