{
    "display": {
      "icon": {
        "id": "minecraft:armor_stand",
        "components": {
          "minecraft:custom_model_data": 2
        }
      },
      "title": "Technologie avancée",
      "description": "Le coeur à l'énergie sans fin",
      "show_toast": true,
      "announce_to_chat": true,
      "hidden": false
    },
    "parent": "wfyr:main/wither_slayer/wither_slayer",
    "criteria": {
      "requirement": {
        "trigger": "minecraft:player_killed_entity",
        "conditions": {
          "entity": {
            "type": "minecraft:wither"
          }
        }
      }
    },
    "rewards": {
      "recipes": [
        "wfyr:blocks/redstone_receiver",
        "wfyr:blocks/redstone_transmitter"
      ],
      "experience": 1000
    }
  }
  