{
    "display": {
      "icon": {
        "id": "minecraft:dragon_head"
      },
      "title": "Pourfendeur de dragon",
      "description": "Un vrai génocide finalement",
      "frame": "goal",
      "show_toast": true,
      "announce_to_chat": true,
      "hidden": false
    },
    "parent": "wfyr:main/main",
    "criteria": {
      "requirement": {
        "trigger": "minecraft:player_killed_entity",
        "conditions": {
          "entity": {
            "type": "minecraft:ender_dragon"
          }
        }
      }
    },
    "rewards": {
      "recipes": [
        "wfyr:amulets/immunity_amulet"
      ],
      "experience": 100
    }
  }
  